timestamp,symbol,action,qty,price,value,commission,pnl,return,holding_period
2025-04-01 09:00:00,GOOGL,SHORT,-50.050050050050054,1998.0,100000.0,100.0,0.0,0.0,0.0
2025-04-01 10:00:00,AAPL,BUY,3.0724346681346204,152.18551063368184,467.580038858694,0.46758003885869404,0.0,0.0,0.0
2025-04-01 10:00:00,MSFT,BUY,1.8547210188768921,252.10262573172997,467.580038858694,0.46758003885869404,0.0,0.0,0.0
2025-04-01 11:00:00,AAPL,CLOSE,-3.0724346681346204,152.46994439069604,468.4539429945322,0.46845394299453225,0.8739041358382033,0.18689936764009207,0.041666666666666664
2025-04-01 11:00:00,AAPL,SHORT,-5.929794839306471,152.46994439069604,904.1154893972939,0.9041154893972939,0.0,0.0,0.0
2025-04-01 11:00:00,GOOGL,CLOSE,50.050050050050054,1982.0047869868524,99199.43878813076,99.19943878813076,800.5612118692482,0.8070219163024417,0.08333333333333333
2025-04-01 11:00:00,GOOGL,BUY,0.4561621118845922,1982.0047869868524,904.1154893972939,0.9041154893972939,0.0,0.0,0.0
2025-04-01 12:00:00,GOOGL,CLOSE,-0.4561621118845922,1989.8649184122946,907.700983548014,0.9077009835480141,3.5854941507201663,0.39657479523000916,0.041666666666666664
2025-04-01 12:00:00,GOOGL,SHORT,-99.61456096027375,1989.8649184122946,198219.52021789167,198.21952021789167,0.0,0.0,0.0
2025-04-01 13:00:00,MSFT,CLOSE,-1.8547210188768921,255.1447789246616,473.22238432826776,0.4732223843282678,5.642345469573754,1.2067122205100977,0.125
2025-04-01 13:00:00,MSFT,SHORT,-9.241682359047374,255.1447789246616,2357.9670023910876,2.3579670023910877,0.0,0.0,0.0
2025-04-01 13:00:00,AAPL,CLOSE,5.929794839306471,147.2378217362536,873.0900754823627,0.8730900754823627,31.025413914931224,3.5535181061118415,0.08333333333333333
2025-04-01 13:00:00,AAPL,BUY,16.01468273970327,147.2378217362536,2357.9670023910876,2.3579670023910877,0.0,0.0,0.0
2025-04-01 15:00:00,GOOGL,CLOSE,99.61456096027375,1891.6667649122348,188437.55426987365,188.43755426987366,9781.965948018025,5.1910915453766915,0.125
2025-04-01 15:00:00,GOOGL,BUY,4.9848954058035195,1891.6667649122348,9429.760965722206,9.429760965722206,0.0,0.0,0.0
2025-04-01 15:00:00,AAPL,CLOSE,-16.01468273970327,147.73117904259126,2365.8679631294,2.3658679631294,7.900960738312176,0.3350751189605372,0.08333333333333333
2025-04-01 15:00:00,AAPL,SHORT,-63.830540220650256,147.73117904259126,9429.760965722206,9.429760965722206,0.0,0.0,0.0
2025-04-01 17:00:00,AAPL,CLOSE,63.830540220650256,146.40525593700673,9345.126577601703,9.345126577601702,84.63438812050323,0.9056526673844489,0.08333333333333333
2025-04-01 17:00:00,AAPL,BUY,2572.7041138422665,146.40525593700673,376657.4042372671,376.6574042372671,0.0,0.0,0.0
2025-04-01 18:00:00,GOOGL,CLOSE,-4.9848954058035195,1900.2477125600328,9472.536092229155,9.472536092229156,42.77512650694869,0.45361835429804653,0.125
2025-04-01 18:00:00,GOOGL,SHORT,-210.2768034184335,1900.2477125600328,399578.014700314,399.578014700314,0.0,0.0,0.0
2025-04-01 18:00:00,AAPL,CLOSE,-2572.7041138422665,148.04265103995624,380869.9373546105,380.8699373546105,4212.533117343391,1.1183991260901305,0.041666666666666664
2025-04-01 18:00:00,AAPL,SHORT,-2699.0736243467372,148.04265103995624,399578.014700314,399.578014700314,0.0,0.0,0.0
2025-04-02 09:00:00,MSFT,CLOSE,9.241682359047374,242.72938606006463,2243.2278851736987,2.243227885173699,114.73911721738857,5.114911328257854,0.8333333333333334
2025-04-02 09:00:00,MSFT,BUY,-1615.9436981878653,242.72938606006463,-392237.0217687709,-392.2370217687709,0.0,0.0,0.0
2025-04-02 10:00:00,GOOGL,CLOSE,210.2768034184335,1845.747832678898,388117.9541722203,388.1179541722203,11460.060528093622,2.952726202150502,0.6666666666666666
2025-04-02 10:00:00,GOOGL,BUY,-206.93810960589005,1845.747832678898,-381955.5673037398,-381.95556730373977,0.0,0.0,0.0
2025-04-02 10:00:00,MSFT,CLOSE,1615.9436981878653,243.47726736560776,393445.55585145584,393.4455558514558,-1208.5340826849372,-0.3071667895878316,0.041666666666666664
2025-04-02 10:00:00,MSFT,BUY,-1568.7524812334602,243.47726736560776,-381955.5673037398,-381.95556730373977,0.0,0.0,0.0
2025-04-02 11:00:00,GOOGL,CLOSE,206.93810960589005,1857.6214328519047,384412.66767775797,384.41266767775795,-2457.1003740181773,-0.6391829876110866,0.041666666666666664
2025-04-02 11:00:00,GOOGL,BUY,636.4562473346314,1857.6214328519047,1182294.7661213041,1182.294766121304,0.0,0.0,0.0
2025-04-02 12:00:00,MSFT,CLOSE,1568.7524812334602,243.38870812733595,381816.6397789647,381.8166397789647,138.92752477505186,0.03638592724912737,0.08333333333333333
2025-04-02 12:00:00,AAPL,CLOSE,2699.0736243467372,141.70811028343826,382480.62282204686,382.4806228220469,17097.39187826711,4.470132827152873,0.75
2025-04-02 12:00:00,AAPL,BUY,13823.513038193898,141.70811028343826,1958903.9101209275,1958.9039101209275,0.0,0.0,0.0
2025-04-02 13:00:00,AAPL,CLOSE,-13823.513038193898,143.1983267800011,1979503.9372908957,1979.5039372908957,20600.02716996821,1.0516098856883982,0.041666666666666664
2025-04-02 13:00:00,AAPL,SHORT,-24629.88575291027,143.1983267800011,3526958.428599339,3526.958428599339,0.0,0.0,0.0
2025-04-02 14:00:00,MSFT,BUY,38.22533588243435,245.2746693981672,9375.706621197984,9.375706621197985,0.0,0.0,0.0
2025-04-02 15:00:00,AAPL,CLOSE,24629.88575291027,142.40871454329422,3507510.369420148,3507.510369420148,19448.059179190568,0.5544690430211219,0.08333333333333333
2025-04-02 15:00:00,AAPL,BUY,239.9257151358358,142.40871454329422,34167.512678374966,34.16751267837497,0.0,0.0,0.0
2025-04-02 16:00:00,GOOGL,CLOSE,-636.4562473346314,1944.6903528456137,1237710.3241999794,1237.7103241999794,55415.55807867526,4.687118615983921,0.20833333333333334
2025-04-02 16:00:00,GOOGL,SHORT,-3633.141490227471,1944.6903528456137,7065335.206568499,7065.335206568499,0.0,0.0,0.0
2025-04-02 17:00:00,AAPL,CLOSE,-239.9257151358358,143.3353497822478,34389.83630075097,34.38983630075097,222.3236223760003,0.6506871731307262,0.08333333333333333
2025-04-02 17:00:00,AAPL,SHORT,-287.46324847262593,143.3353497822478,41203.64526936505,41.20364526936505,0.0,0.0,0.0
2025-04-02 17:00:00,GOOGL,CLOSE,3633.141490227471,1934.6617501215994,7028899.873922875,7028.8998739228755,36435.332645624454,0.5183646559086652,0.041666666666666664
2025-04-02 17:00:00,GOOGL,BUY,21.297596474823195,1934.6617501215994,41203.64526936505,41.20364526936505,0.0,0.0,0.0
2025-04-02 18:00:00,AAPL,CLOSE,287.46324847262593,140.84856227157377,40488.78525328554,40.48878525328554,714.8600160795088,1.765575360207916,0.041666666666666664
2025-04-02 18:00:00,AAPL,BUY,99714.09804681789,140.84856227157377,14044587.348101042,14044.587348101042,0.0,0.0,0.0
2025-04-02 18:00:00,MSFT,CLOSE,-38.22533588243435,254.62898723534215,9733.278562475043,9.733278562475043,357.5719412770597,3.8138132486847276,0.16666666666666666
2025-04-02 18:00:00,MSFT,SHORT,-55157.064011413044,254.62898723534215,14044587.348101042,14044.587348101042,0.0,0.0,0.0
2025-04-03 09:00:00,MSFT,CLOSE,55157.064011413044,253.07013795582705,13958605.798606683,13958.605798606683,85981.54949435954,0.6159751964837534,0.625
2025-04-03 09:00:00,MSFT,BUY,1682.3741396983585,253.07013795582705,425758.6556267794,425.75865562677944,0.0,0.0,0.0
2025-04-03 10:00:00,AAPL,CLOSE,-99714.09804681789,144.46213723198858,14404911.71600337,14404.91171600337,360324.3679023283,2.565574615839794,0.6666666666666666
2025-04-03 10:00:00,AAPL,SHORT,-196830.5177140324,144.46213723198858,28434557.26144791,28434.55726144791,0.0,0.0,0.0
2025-04-03 14:00:00,AAPL,CLOSE,196830.5177140324,138.8793998654647,27335704.17533354,27335.70417533354,1098853.0861143677,4.019845543638567,0.16666666666666666
2025-04-03 14:00:00,AAPL,BUY,8013.4283030883025,138.8793998654647,1112900.1135978326,1112.9001135978326,0.0,0.0,0.0
2025-04-03 15:00:00,MSFT,CLOSE,-1682.3741396983585,265.3763078936623,446462.23768892675,446.46223768892673,20703.582062147332,4.862750712999264,0.25
2025-04-03 15:00:00,MSFT,SHORT,-210062.65797331985,265.3763078936623,55745652.5992888,55745.6525992888,0.0,0.0,0.0
2025-04-03 15:00:00,GOOGL,CLOSE,-21.297596474823195,2098.8421852592837,44700.29392598833,44.700293925988326,3496.6486566232834,8.486260460122551,0.9166666666666666
2025-04-03 15:00:00,GOOGL,SHORT,-26560.192562740096,2098.8421852592837,55745652.5992888,55745.6525992888,0.0,0.0,0.0
2025-04-03 16:00:00,MSFT,CLOSE,210062.65797331985,265.2210425346428,55713037.14528198,55713.03714528198,32615.45400681689,0.05854187040954528,0.041666666666666664
2025-04-03 16:00:00,MSFT,BUY,-206679.54838611983,265.2210425346428,-54815765.29355585,-54815.76529355585,0.0,0.0,0.0
2025-04-03 16:00:00,GOOGL,CLOSE,26560.192562740096,2069.669358113444,54970816.69269577,54970.81669269577,774835.9065930318,1.4095404674895118,0.041666666666666664
2025-04-03 16:00:00,GOOGL,BUY,-26485.276538819613,2069.669358113444,-54815765.29355585,-54815.76529355585,0.0,0.0,0.0
2025-04-03 16:00:00,AAPL,CLOSE,-8013.4283030883025,141.86834842401063,1136851.8385733597,1136.8518385733596,23951.724975526926,2.1521900018587337,0.08333333333333333
2025-04-03 16:00:00,AAPL,SHORT,386384.7426328289,141.86834842401063,-54815765.29355585,-54815.76529355585,0.0,0.0,0.0
2025-04-03 17:00:00,GOOGL,CLOSE,26485.276538819613,2106.037612845828,55778988.57737727,55778.98857737727,-963223.2838214193,-1.7268568476913604,0.041666666666666664
2025-04-03 17:00:00,GOOGL,BUY,104193.4037458489,2106.037612845828,219435227.29918918,219435.2272991892,0.0,0.0,0.0
2025-04-03 17:00:00,AAPL,CLOSE,-386384.7426328289,140.11196852282643,54137126.89747131,54137.12689747131,-678638.3960845319,-1.2380350660986084,0.041666666666666664
2025-04-03 17:00:00,AAPL,SHORT,-1566141.9192996332,140.11196852282643,219435227.29918918,219435.2272991892,0.0,0.0,0.0
2025-04-03 18:00:00,GOOGL,CLOSE,-104193.4037458489,2115.750305878158,220447225.84576625,220447.22584576625,1011998.5465770748,0.4611832653456549,0.041666666666666664
2025-04-03 18:00:00,GOOGL,SHORT,-53981.925667341544,2115.750305878158,114212275.74256986,114212.27574256987,0.0,0.0,0.0
2025-04-03 18:00:00,AAPL,CLOSE,1566141.9192996332,139.62082089315794,218666020.4078007,218666.0204078007,769206.8913884738,0.35177248387927573,0.041666666666666664
2025-04-03 18:00:00,AAPL,BUY,818017.5063572255,139.62082089315794,114212275.74256986,114212.27574256987,0.0,0.0,0.0
2025-04-04 10:00:00,AAPL,CLOSE,-818017.5063572255,141.207930941795,115510559.54687046,115510.55954687046,1298283.8043005925,1.1367287761841594,0.6666666666666666
2025-04-04 10:00:00,AAPL,SHORT,-3130723.4381469046,141.207930941795,442082979.05170715,442082.97905170714,0.0,0.0,0.0
2025-04-04 11:00:00,MSFT,CLOSE,206679.54838611983,256.3516427946028,52982641.76082842,52982.641760828425,1833123.532727429,3.459856798010219,0.7916666666666666
2025-04-04 11:00:00,MSFT,BUY,-2173.1108195241613,256.3516427946028,-557080.5285597444,-557.0805285597444,0.0,0.0,0.0
2025-04-04 12:00:00,AAPL,CLOSE,3130723.4381469046,141.39750857315732,442676494.18556154,442676.49418556155,-593515.1338543628,-0.13407423742847202,0.08333333333333333
2025-04-04 12:00:00,AAPL,BUY,749990.6800619789,141.39750857315732,106046813.61385176,106046.81361385176,0.0,0.0,0.0
2025-04-04 12:00:00,MSFT,CLOSE,2173.1108195241613,260.50150870307107,566098.6470650112,566.0986470650112,-9018.118505266833,-1.59302951031981,0.041666666666666664
2025-04-04 12:00:00,MSFT,BUY,407087.137966359,260.50150870307107,106046813.61385176,106046.81361385176,0.0,0.0,0.0
2025-04-04 12:00:00,GOOGL,CLOSE,53981.925667341544,2050.966069340362,110715097.90137109,110715.09790137109,3497177.841198776,3.158718103933933,0.75
2025-04-04 12:00:00,GOOGL,BUY,51705.78645796849,2050.966069340362,106046813.61385176,106046.81361385176,0.0,0.0,0.0
2025-04-04 13:00:00,AAPL,CLOSE,-749990.6800619789,142.70034345372076,107023927.63193399,107023.92763193398,977114.0180822399,0.9213987528566392,0.041666666666666664
2025-04-04 13:00:00,AAPL,SHORT,-8511582.83618628,142.70034345372076,1214605794.0585768,1214605.794058577,0.0,0.0,0.0
2025-04-04 13:00:00,MSFT,CLOSE,-407087.137966359,261.0915802229378,106287024.14006977,106287.02414006977,240210.52621801067,0.22651366696664343,0.041666666666666664
2025-04-04 13:00:00,MSFT,SHORT,-4652029.732331711,261.0915802229378,1214605794.0585768,1214605.794058577,0.0,0.0,0.0
2025-04-04 14:00:00,AAPL,CLOSE,8511582.83618628,142.82030737474233,1215626876.9097056,1215626.8769097056,-1021082.8511287597,-0.08399640305127853,0.041666666666666664
2025-04-04 14:00:00,AAPL,BUY,-8398634.670761071,142.82030737474233,-1199495585.206264,-1199495.585206264,0.0,0.0,0.0
2025-04-04 14:00:00,GOOGL,CLOSE,-51705.78645796849,2083.635482398469,107736011.3091414,107736.0113091414,1689197.6952896367,1.5928792556092475,0.08333333333333333
2025-04-04 14:00:00,GOOGL,SHORT,575674.3899492088,2083.635482398469,-1199495585.206264,-1199495.585206264,0.0,0.0,0.0
2025-04-04 15:00:00,MSFT,CLOSE,4652029.732331711,257.76450823250934,1199128156.2374954,1199128.1562374954,15477637.821081264,1.290740922108391,0.08333333333333333
2025-04-04 15:00:00,MSFT,BUY,9385171.105701013,257.76450823250934,2419164014.7389774,2419164.0147389774,0.0,0.0,0.0
2025-04-04 15:00:00,AAPL,CLOSE,8398634.670761071,143.6508365559457,1206470896.3825974,1206470.8963825975,-6975311.176333345,-0.5781582628514026,0.041666666666666664
2025-04-04 15:00:00,AAPL,BUY,16840584.24398259,143.6508365559457,2419164014.7389774,2419164.0147389774,0.0,0.0,0.0
2025-04-04 16:00:00,AAPL,CLOSE,-16840584.24398259,144.0093828603801,2425202143.984174,2425202.143984174,6038129.245196351,0.24959569538933746,0.041666666666666664
2025-04-04 16:00:00,AAPL,SHORT,-50238239.41926277,144.0093828603801,7234777854.760052,7234777.854760052,0.0,0.0,0.0
2025-04-04 17:00:00,GOOGL,CLOSE,-575674.3899492088,2068.637051387563,1190861372.5838656,1190861.3725838657,-8634212.622398453,-0.7198202918699104,0.125
2025-04-04 17:00:00,GOOGL,SHORT,-44782.62284668799,2068.637051387563,92638992.87897396,92638.99287897396,0.0,0.0,0.0
2025-04-04 17:00:00,AAPL,CLOSE,50238239.41926277,142.57559379786207,7162746816.560551,7162746.816560551,72031038.19950114,1.005634291483859,0.041666666666666664
2025-04-04 17:00:00,AAPL,BUY,649753.5125844455,142.57559379786207,92638992.87897396,92638.99287897396,0.0,0.0,0.0
2025-04-04 17:00:00,MSFT,CLOSE,-9385171.105701013,260.0593088602662,2440701111.2839456,2440701.1112839454,21537096.54496806,0.890270209615851,0.08333333333333333
2025-04-04 17:00:00,MSFT,SHORT,-356222.560480426,260.0593088602662,92638992.87897396,92638.99287897396,0.0,0.0,0.0
2025-04-04 18:00:00,GOOGL,CLOSE,44782.62284668799,2068.6907537577845,92641397.81196555,92641.39781196555,-2404.9329915956837,-0.0025959593101920753,0.041666666666666664
2025-04-04 18:00:00,GOOGL,BUY,6870049.141787122,2068.6907537577845,14212007137.476622,14212007.137476621,0.0,0.0,0.0
2025-04-05 11:00:00,GOOGL,CLOSE,-6870049.141787122,2086.148510107023,14331942781.501236,14331942.781501235,119935644.0246145,0.8439036292653412,0.7083333333333334
2025-04-05 11:00:00,GOOGL,SHORT,-6961309.636066204,2086.148510107023,14522325725.673174,14522325.725673174,0.0,0.0,0.0
2025-04-05 12:00:00,AAPL,CLOSE,-649753.5125844455,147.32836971456254,95727125.72537686,95727.12572537686,3088132.8464028896,3.3335129737834146,0.7916666666666666
2025-04-05 12:00:00,AAPL,SHORT,259555.11857460745,147.32836971456254,-38239832.470666885,-38239.83247066689,0.0,0.0,0.0
2025-04-05 13:00:00,AAPL,CLOSE,-259555.11857460745,145.86153920050418,37859109.10266162,37859.10910266162,-380723.3680052696,-0.995619863913666,0.041666666666666664
2025-04-05 13:00:00,AAPL,SHORT,-17723.88869548213,145.86153920050418,2585233.6857414395,2585.2336857414393,0.0,0.0,0.0
2025-04-05 13:00:00,MSFT,CLOSE,356222.560480426,245.83950788211763,87573578.96501581,87573.57896501581,5065413.913958144,5.784180541464101,0.8333333333333334
2025-04-05 13:00:00,MSFT,BUY,10515.940696485137,245.83950788211763,2585233.6857414395,2585.2336857414393,0.0,0.0,0.0
2025-04-05 15:00:00,GOOGL,CLOSE,6961309.636066204,2081.824592963972,14492225599.5997,14492225.5995997,30100126.073472418,0.20769843711447855,0.16666666666666666
2025-04-05 15:00:00,GOOGL,BUY,109724.4722620908,2081.824592963972,228427104.8052138,228427.1048052138,0.0,0.0,0.0
2025-04-05 15:00:00,MSFT,CLOSE,-10515.940696485137,247.56590198538177,2603388.3437501267,2603.3883437501268,18154.658008687347,0.7022443699699954,0.08333333333333333
2025-04-05 15:00:00,MSFT,SHORT,-922692.1113663785,247.56590198538177,228427104.8052138,228427.1048052138,0.0,0.0,0.0
2025-04-05 16:00:00,MSFT,CLOSE,922692.1113663785,244.30497304237437,225418271.3937746,225418.2713937746,3008833.4114392307,1.3347779631329049,0.041666666666666664
2025-04-05 16:00:00,MSFT,BUY,118538719.0916006,244.30497304237437,28959598572.151073,28959598.572151072,0.0,0.0,0.0
2025-04-05 17:00:00,AAPL,CLOSE,17723.88869548213,142.59275861964204,2527298.1825562855,2527.2981825562856,57935.503185154026,2.292388907056231,0.16666666666666666
2025-04-05 18:00:00,AAPL,SHORT,-206460736.88177103,144.2178164036821,29775316646.18417,29775316.64618417,0.0,0.0,0.0
2025-04-06 09:00:00,GOOGL,CLOSE,-109724.4722620908,2108.882561193889,231396026.08972588,231396.0260897259,2968921.2845120784,1.2997237289522845,0.75
2025-04-06 09:00:00,GOOGL,SHORT,-300734.42807940213,2108.882561193889,634213590.927269,634213.590927269,0.0,0.0,0.0
2025-04-06 11:00:00,MSFT,CLOSE,-118538719.0916006,252.15842224612317,29890536381.214405,29890536.381214406,930937809.0633328,3.2146088169832776,0.7916666666666666
2025-04-06 11:00:00,MSFT,SHORT,-4875273.5949809095,252.15842224612317,1229341297.728571,1229341.2977285709,0.0,0.0,0.0
2025-04-06 12:00:00,MSFT,CLOSE,4875273.5949809095,249.66022662068247,1217161910.5607631,1217161.9105607632,12179387.167807868,1.0006382110820944,0.041666666666666664
2025-04-06 12:00:00,MSFT,BUY,626137.028482831,249.66022662068247,156321512.4266243,156321.5124266243,0.0,0.0,0.0
2025-04-06 12:00:00,GOOGL,CLOSE,300734.42807940213,2076.325245669515,624422485.2632457,624422.4852632458,9791105.664023312,1.56802579905424,0.125
2025-04-06 12:00:00,GOOGL,BUY,75287.58452109373,2076.325245669515,156321512.4266243,156321.5124266243,0.0,0.0,0.0
2025-04-06 12:00:00,AAPL,CLOSE,206460736.88177103,137.17369554346766,28320982262.700043,28320982.262700044,1454334383.4841268,5.13518341275736,0.75
2025-04-06 12:00:00,AAPL,BUY,1139588.1098580528,137.17369554346766,156321512.4266243,156321.5124266243,0.0,0.0,0.0
2025-04-06 13:00:00,AAPL,CLOSE,-1139588.1098580528,138.29071008999986,157594448.9223909,157594.4489223909,1272936.495766584,0.8143066657982034,0.041666666666666664
2025-04-06 13:00:00,AAPL,SHORT,-436939946.84601593,138.29071008999986,60424735516.02234,60424735.51602234,0.0,0.0,0.0
2025-04-06 13:00:00,MSFT,CLOSE,-626137.028482831,250.44081565697758,156810268.12627637,156810.26812627638,488755.699652098,0.3126605494438994,0.041666666666666664
2025-04-06 13:00:00,MSFT,SHORT,-241273513.49463964,250.44081565697758,60424735516.02234,60424735.51602234,0.0,0.0,0.0
2025-04-06 14:00:00,MSFT,CLOSE,241273513.49463964,247.2094922755935,59645102770.55842,59645102.77055842,779632745.4639146,1.3071194603570202,0.041666666666666664
2025-04-06 14:00:00,MSFT,BUY,-239345132.0895935,247.2094922755935,-59168388582.50327,-59168388.582503274,0.0,0.0,0.0
2025-04-06 14:00:00,AAPL,CLOSE,436939946.84601593,137.4728755278052,60067390925.88817,60067390.92588817,357344590.1341703,0.594906128976147,0.041666666666666664
2025-04-06 14:00:00,AAPL,BUY,-430400457.94732726,137.4728755278052,-59168388582.50327,-59168388.582503274,0.0,0.0,0.0
2025-04-06 16:00:00,MSFT,CLOSE,239345132.0895935,246.86966082731706,59087051579.62735,59087051.57962735,81337002.87592286,0.13765622196650895,0.08333333333333333
2025-04-06 16:00:00,MSFT,BUY,732346112.2278608,246.86966082731706,180794036333.89627,180794036.33389628,0.0,0.0,0.0
2025-04-06 16:00:00,GOOGL,CLOSE,-75287.58452109373,2129.797836496495,160347334.62807244,160347.33462807245,4025822.2014481323,2.575347525080929,0.16666666666666666
2025-04-06 16:00:00,GOOGL,SHORT,-84887886.18139522,2129.797836496495,180794036333.89627,180794036.33389628,0.0,0.0,0.0
2025-04-06 17:00:00,GOOGL,CLOSE,84887886.18139522,2119.207430222437,179895039131.48926,179895039.13148925,898997202.4069945,0.49973429325635976,0.041666666666666664
2025-04-06 17:00:00,GOOGL,BUY,56990710.90765451,2119.207430222437,120775138009.16031,120775138.00916031,0.0,0.0,0.0
2025-04-06 18:00:00,AAPL,CLOSE,430400457.94732726,134.0498483623285,57695116122.91596,57695116.12291596,1473272459.5873117,2.553547957939095,0.16666666666666666
2025-04-07 09:00:00,MSFT,CLOSE,-732346112.2278608,251.44128409972765,184142046864.01657,184142046.86401656,3348010530.120307,1.8518368182991907,0.7083333333333334
2025-04-07 09:00:00,MSFT,SHORT,-2380356721.3109465,251.44128409972765,598519950621.8419,598519950.6218419,0.0,0.0,0.0
2025-04-07 10:00:00,AAPL,BUY,88375239.85568675,134.47421072043392,11884190626.82251,11884190.62682251,0.0,0.0,0.0
2025-04-07 10:00:00,GOOGL,CLOSE,-56990710.90765451,2160.262240706867,123114880844.84702,123114880.84484702,2339742835.6867027,1.9372719205746236,0.7083333333333334
2025-04-07 10:00:00,GOOGL,SHORT,-5501272.208013895,2160.262240706867,11884190626.82251,11884190.62682251,0.0,0.0,0.0
2025-04-07 11:00:00,GOOGL,CLOSE,5501272.208013895,2158.608833006914,11875094780.994244,11875094.780994244,9095845.82826664,0.07659598509330845,0.041666666666666664
2025-04-07 11:00:00,GOOGL,BUY,3946038.0507258824,2158.608833006914,8517952591.678276,8517952.591678277,0.0,0.0,0.0
2025-04-07 11:00:00,AAPL,CLOSE,-88375239.85568675,136.3645276629442,12051247840.020124,12051247.840020124,167057213.19761458,1.405709639330155,0.041666666666666664
2025-04-07 11:00:00,AAPL,SHORT,-62464577.39165367,136.3645276629442,8517952591.678276,8517952.591678277,0.0,0.0,0.0
2025-04-07 12:00:00,GOOGL,CLOSE,-3946038.0507258824,2197.537547254281,8671566779.36422,8671566.779364219,153614187.68594405,1.803416795674817,0.041666666666666664
2025-04-07 12:00:00,GOOGL,SHORT,-13826705.648154339,2197.537547254281,30384704816.652,30384704.816652,0.0,0.0,0.0
2025-04-07 12:00:00,AAPL,CLOSE,62464577.39165367,135.88473408640672,8487982488.684632,8487982.488684632,29970102.99364339,0.35308865249894517,0.041666666666666664
2025-04-07 12:00:00,AAPL,BUY,223606463.381905,135.88473408640672,30384704816.652,30384704.816652,0.0,0.0,0.0
2025-04-07 13:00:00,AAPL,CLOSE,-223606463.381905,137.7335584175977,30798113886.76403,30798113.88676403,413409070.11202824,1.3605828083788518,0.041666666666666664
2025-04-07 13:00:00,AAPL,SHORT,-156645321.01974508,137.7335584175977,21575317473.516403,21575317.473516405,0.0,0.0,0.0
2025-04-07 15:00:00,AAPL,CLOSE,156645321.01974508,135.39112619727544,21208386426.39703,21208386.42639703,366931047.1193733,1.7301224135687798,0.08333333333333333
2025-04-07 15:00:00,AAPL,BUY,193521713.91639653,135.39112619727544,26201122790.767876,26201122.790767875,0.0,0.0,0.0
2025-04-07 16:00:00,MSFT,CLOSE,2380356721.3109465,226.00557304655536,537973884855.1001,537973884.8551002,60546065766.74181,11.25446187467809,0.2916666666666667
2025-04-07 16:00:00,MSFT,BUY,333394215.48704225,226.00557304655536,75348950721.55574,75348950.72155574,0.0,0.0,0.0
2025-04-07 16:00:00,GOOGL,CLOSE,13826705.648154339,2127.2389171948307,29412706351.351486,29412706.35135149,971998465.3005133,3.304688979278003,0.16666666666666666
2025-04-07 16:00:00,GOOGL,BUY,35421009.88868597,2127.2389171948307,75348950721.55574,75348950.72155574,0.0,0.0,0.0
2025-04-07 16:00:00,AAPL,CLOSE,-193521713.91639653,135.77145387877079,26274724455.540707,26274724.455540705,73601664.77282852,0.2809103463259355,0.041666666666666664
2025-04-07 16:00:00,AAPL,SHORT,-554969020.1361046,135.77145387877079,75348950721.55574,75348950.72155574,0.0,0.0,0.0
2025-04-07 17:00:00,AAPL,CLOSE,554969020.1361046,135.1713154781321,75015892501.40724,75015892.50140725,333058220.1484996,0.4439835467427766,0.041666666666666664
2025-04-07 17:00:00,MSFT,CLOSE,-333394215.48704225,231.104480044939,77048896820.12325,77048896.82012324,1699946098.5675077,2.2560979048659613,0.041666666666666664
2025-04-07 17:00:00,MSFT,SHORT,-4914987056.169672,231.104480044939,1135875528043.6975,1135875528.0436976,0.0,0.0,0.0
2025-04-07 17:00:00,GOOGL,CLOSE,-35421009.88868597,2132.2966681510084,75528101368.18901,75528101.368189,179150646.6332792,0.23776130247030736,0.041666666666666664
2025-04-07 17:00:00,GOOGL,SHORT,-532700512.55515784,2132.2966681510084,1135875528043.6975,1135875528.0436976,0.0,0.0,0.0
2025-04-07 18:00:00,MSFT,CLOSE,4914987056.169672,230.89022352360342,1134822460014.633,1134822460.0146332,1053068029.0643421,0.09279583954047155,0.041666666666666664
2025-04-07 18:00:00,MSFT,BUY,-4215195663.996412,230.89022352360342,-973247469055.8555,-973247469.0558555,0.0,0.0,0.0
2025-04-07 18:00:00,AAPL,BUY,-7120281713.629658,136.68665204536265,-973247469055.8555,-973247469.0558555,0.0,0.0,0.0
2025-04-08 09:00:00,GOOGL,CLOSE,532700512.55515784,2099.9526241726453,1118645839238.317,1118645839.238317,17229688805.38057,1.5402273177999026,0.6666666666666666
2025-04-08 09:00:00,GOOGL,BUY,612442210.266694,2099.9526241726453,1286099626603.639,1286099626.603639,0.0,0.0,0.0
2025-04-08 09:00:00,MSFT,CLOSE,4215195663.996412,234.39655150622733,988027327564.761,988027327.564761,-14779858508.905554,-1.495895720347551,0.625
2025-04-08 09:00:00,MSFT,BUY,5486853873.656373,234.39655150622733,1286099626603.639,1286099626.603639,0.0,0.0,0.0
2025-04-08 10:00:00,GOOGL,CLOSE,-612442210.266694,2129.116554855214,1303960848770.936,1303960848.770936,17861222167.297005,1.3887899349185995,0.041666666666666664
2025-04-08 10:00:00,GOOGL,SHORT,-2608820976.774477,2129.116554855214,5554483930304.089,5554483930.304089,0.0,0.0,0.0
2025-04-08 12:00:00,GOOGL,CLOSE,2608820976.774477,2104.0795485570748,5489166863077.868,5489166863.077868,65317067226.22025,1.1899267931817947,0.08333333333333333
2025-04-08 12:00:00,GOOGL,BUY,55367494.48588288,2104.0795485570748,116497612802.59277,116497612.80259277,0.0,0.0,0.0
2025-04-08 13:00:00,GOOGL,CLOSE,-55367494.48588288,2113.707658323882,117030697117.01593,117030697.11701593,533084314.42316324,0.4575924790205743,0.041666666666666664
2025-04-08 13:00:00,GOOGL,SHORT,-5247142109.132395,2113.707658323882,11090924460386.87,11090924460.38687,0.0,0.0,0.0
2025-04-08 14:00:00,GOOGL,CLOSE,5247142109.132395,2093.7250364933434,10986072803928.982,10986072803.928982,104851656457.88625,0.9544052577221906,0.041666666666666664
2025-04-08 14:00:00,GOOGL,BUY,60587468.88939707,2093.7250364933434,126853500511.49219,126853500.5114922,0.0,0.0,0.0
2025-04-08 17:00:00,GOOGL,CLOSE,-60587468.88939707,2135.449294421767,129381467690.66373,129381467.69066373,2527967179.1715326,1.992824138851823,0.125
2025-04-08 17:00:00,GOOGL,SHORT,-10361811210.188892,2135.449294421767,22127122437729.426,22127122437.729427,0.0,0.0,0.0
2025-04-08 18:00:00,MSFT,CLOSE,-5486853873.656373,251.40835691341758,1379440916999.9692,1379440916.9999692,93341290396.33026,7.257702938832833,0.375
2025-04-08 18:00:00,MSFT,SHORT,-1184940519.5838344,251.40835691341758,297903949068.7031,297903949.0687031,0.0,0.0,0.0
2025-04-08 18:00:00,GOOGL,CLOSE,10361811210.188892,2112.421629027651,21888514116304.195,21888514116.304195,238608321425.22952,1.0901074424576773,0.041666666666666664
2025-04-08 18:00:00,GOOGL,BUY,141024852.6975311,2112.421629027651,297903949068.7031,297903949.0687031,0.0,0.0,0.0
2025-04-09 09:00:00,GOOGL,CLOSE,-141024852.6975311,2118.49815598199,298760890387.3514,298760890.3873514,856941318.648233,0.2876569180526811,0.625
2025-04-09 09:00:00,GOOGL,SHORT,-20649692370.886726,2118.49815598199,43746335209318.89,43746335209.31889,0.0,0.0,0.0
2025-04-09 10:00:00,MSFT,CLOSE,1184940519.5838344,250.5100971484604,296839564676.0935,296839564.6760935,1064384392.6096072,0.35857227919433576,0.6666666666666666
2025-04-09 10:00:00,MSFT,BUY,816840603.7485934,250.5100971484604,204626818999.8672,204626818.9998672,0.0,0.0,0.0
2025-04-09 10:00:00,GOOGL,CLOSE,20649692370.886726,2111.8777743698633,43609626365650.61,43609626365.65061,136708843668.28722,0.313483180346541,0.041666666666666664
2025-04-09 10:00:00,GOOGL,BUY,96893305.7979282,2111.8777743698633,204626818999.8672,204626818.9998672,0.0,0.0,0.0
2025-04-09 11:00:00,MSFT,CLOSE,-816840603.7485934,251.16876804150715,205164848129.81512,205164848.12981513,538029129.9479297,0.2629318740219766,0.041666666666666664
2025-04-09 11:00:00,MSFT,SHORT,-350080698486.66376,251.16876804150715,87929337754005.66,87929337754.00566,0.0,0.0,0.0
2025-04-09 13:00:00,MSFT,CLOSE,350080698486.66376,247.63757066021793,86693133708269.64,86693133708.26964,1236204045736.0073,1.4259538130158678,0.08333333333333333
2025-04-09 13:00:00,MSFT,BUY,5414082779.696682,247.63757066021793,1340730306917.4062,1340730306.9174063,0.0,0.0,0.0
2025-04-09 14:00:00,GOOGL,CLOSE,-96893305.7979282,2146.3225050127494,207964282819.1756,207964282.8191756,3337463819.3084254,1.6310001961720388,0.16666666666666666
2025-04-09 14:00:00,GOOGL,SHORT,-81332536718.77269,2146.3225050127494,174565853949277.62,174565853949.27762,0.0,0.0,0.0
2025-04-09 15:00:00,MSFT,CLOSE,-5414082779.696682,250.58824837838628,1356705520339.7761,1356705520.339776,15975213422.369965,1.1915307157559507,0.08333333333333333
2025-04-09 15:00:00,MSFT,SHORT,-1156309672.0432827,250.58824837838628,289757615300.3125,289757615.3003125,0.0,0.0,0.0
2025-04-09 17:00:00,GOOGL,CLOSE,81332536718.77269,2099.446261723142,170753290170687.5,170753290170.6875,3812563778590.114,2.2327908146185793,0.125
2025-04-09 17:00:00,GOOGL,BUY,1774953407.2630904,2099.446261723142,3726419295611.2485,3726419295.6112485,0.0,0.0,0.0
2025-04-09 18:00:00,AAPL,CLOSE,7120281713.629658,111.14911080110731,791412981123.321,791412981.123321,181834487932.53445,22.975929416073136,2.0
2025-04-10 10:00:00,AAPL,SHORT,-3075875817747.0557,112.67730949378279,346581411480727.2,346581411480.7272,0.0,0.0,0.0
2025-04-10 10:00:00,GOOGL,CLOSE,-1774953407.2630904,2154.674253401268,3824446407616.6357,3824446407.616636,98027112005.38702,2.6305980145829855,0.7083333333333334
2025-04-10 10:00:00,GOOGL,SHORT,-160850955049.76218,2154.674253401268,346581411480727.2,346581411480.7272,0.0,0.0,0.0
2025-04-10 11:00:00,AAPL,CLOSE,3075875817747.0557,112.77201818782179,346872723662452.2,346872723662.4522,-291312181724.96295,-0.08398244135461308,0.041666666666666664
2025-04-10 11:00:00,AAPL,BUY,-3073195179468.596,112.77201818782179,-346570422673758.75,-346570422673.7587,0.0,0.0,0.0
2025-04-10 11:00:00,MSFT,CLOSE,1156309672.0432827,242.73358751268387,280675194970.68097,280675194.97068095,9082420329.631565,3.235918418291406,0.8333333333333334
2025-04-10 11:00:00,MSFT,BUY,-1427781075643.8845,242.73358751268387,-346570422673758.75,-346570422673.7587,0.0,0.0,0.0
2025-04-10 12:00:00,AAPL,CLOSE,3073195179468.596,114.22606729532302,351038999381642.2,351038999381.6422,-4468576707883.407,-1.2729573397129212,0.041666666666666664
2025-04-10 12:00:00,AAPL,BUY,2967413958027.732,114.22606729532302,338956026462756.56,338956026462.7566,0.0,0.0,0.0
2025-04-10 12:00:00,GOOGL,CLOSE,160850955049.76218,2143.2789090767014,344748459462999.8,344748459462.9998,1832952017727.3916,0.5316780880130656,0.08333333333333333
2025-04-10 12:00:00,GOOGL,BUY,158148351587.50977,2143.2789090767014,338956026462756.56,338956026462.7566,0.0,0.0,0.0
2025-04-10 12:00:00,MSFT,CLOSE,1427781075643.8845,247.79749053095352,353800567572140.1,353800567572.14014,-7230144898381.362,-2.0435650931812432,0.041666666666666664
2025-04-10 12:00:00,MSFT,BUY,1367875137623.3813,247.79749053095352,338956026462756.56,338956026462.7566,0.0,0.0,0.0
2025-04-10 14:00:00,AAPL,CLOSE,-2967413958027.732,115.18348788657907,341797089688952.94,341797089688.95294,2841063226196.3755,0.8381804730970055,0.08333333333333333
2025-04-10 14:00:00,AAPL,SHORT,-21296411131752.688,115.18348788657907,2452994913621843.5,2452994913621.8438,0.0,0.0,0.0
2025-04-10 14:00:00,MSFT,CLOSE,-1367875137623.3813,253.5142992421266,346775906965319.0,346775906965.31903,7819880502562.432,2.3070486706397775,0.08333333333333333
2025-04-10 14:00:00,MSFT,SHORT,-9675962740385.842,253.5142992421266,2452994913621843.5,2452994913621.8438,0.0,0.0,0.0
2025-04-10 14:00:00,GOOGL,CLOSE,-158148351587.50977,2183.001360921012,345238066742948.5,345238066742.9485,6282040280191.927,1.8533496352755252,0.08333333333333333
2025-04-10 14:00:00,GOOGL,SHORT,-1123679974522.2883,2183.001360921012,2452994913621843.5,2452994913621.8438,0.0,0.0,0.0
2025-04-10 15:00:00,AAPL,CLOSE,21296411131752.688,114.87045417137605,2446328418924780.0,2446328418924.7803,6666494697063.482,0.27251020940162185,0.041666666666666664
2025-04-10 15:00:00,AAPL,BUY,-42259929607504.48,114.87045417137605,-4854417307264421.0,-4854417307264.421,0.0,0.0,0.0
2025-04-10 16:00:00,MSFT,CLOSE,9675962740385.842,251.6494762973763,2434950956291023.0,2434950956291.023,18043957330820.52,0.7410398671152452,0.08333333333333333
2025-04-10 16:00:00,MSFT,BUY,82795395086.31685,251.6494762973763,20835417813306.0,20835417813.306,0.0,0.0,0.0
2025-04-10 16:00:00,GOOGL,CLOSE,1123679974522.2883,2143.7256220335453,2408861552349431.0,2408861552349.431,44133361272412.47,1.832125272179641,0.08333333333333333
2025-04-10 16:00:00,GOOGL,BUY,9719255859.591515,2143.7256220335453,20835417813306.0,20835417813.306,0.0,0.0,0.0
2025-04-10 17:00:00,GOOGL,CLOSE,-9719255859.591515,2153.7241802410263,20932596358751.527,20932596358.751526,97178545445.52637,0.46641035143277776,0.041666666666666664
2025-04-10 17:00:00,GOOGL,SHORT,-4521681929104.652,2153.7241802410263,9738455706071580.0,9738455706071.58,0.0,0.0,0.0
2025-04-10 17:00:00,AAPL,CLOSE,42259929607504.48,114.99233745994403,4859568086459635.0,4859568086459.635,-5150779195213.64,-0.1059925306852949,0.08333333333333333
2025-04-10 17:00:00,AAPL,BUY,84687866349910.8,114.99233745994403,9738455706071580.0,9738455706071.58,0.0,0.0,0.0
2025-04-10 18:00:00,AAPL,CLOSE,-84687866349910.8,115.9439889733543,9819049042250960.0,9819049042250.96,80593336179379.2,0.8275781973227314,0.041666666666666664
2025-04-10 18:00:00,AAPL,SHORT,-84988400603505.42,115.9439889733543,9853894182435850.0,9853894182435.85,0.0,0.0,0.0
2025-04-11 09:00:00,GOOGL,CLOSE,4521681929104.652,2123.278355480552,9600789370435456.0,9600789370435.457,137666335636123.86,1.433906425028475,0.6666666666666666
2025-04-11 09:00:00,GOOGL,BUY,126734626193.42221,2123.278355480552,269092888686412.0,269092888686.41202,0.0,0.0,0.0
2025-04-11 10:00:00,MSFT,CLOSE,-82795395086.31685,255.42919903372263,21148361450578.527,21148361450.57853,312943637272.5278,1.5019791783233316,0.75
2025-04-11 10:00:00,MSFT,SHORT,-76756435900775.64,255.42919903372263,1.960583494281839e+16,19605834942818.39,0.0,0.0,0.0
2025-04-11 11:00:00,MSFT,CLOSE,76756435900775.64,253.31365793152818,1.9443453547812348e+16,19443453547812.348,162381395006043.9,0.8351468765913417,0.041666666666666664
2025-04-11 11:00:00,MSFT,BUY,1850246527996.393,253.31365793152818,468692716081876.0,468692716081.87604,0.0,0.0,0.0
2025-04-11 11:00:00,GOOGL,CLOSE,-126734626193.42221,2171.4450942691997,275197282321747.47,275197282321.7475,6104393635335.484,2.2685079732631896,0.08333333333333333
2025-04-11 11:00:00,GOOGL,SHORT,-215843687376.1317,2171.4450942691997,468692716081876.0,468692716081.87604,0.0,0.0,0.0
2025-04-11 12:00:00,GOOGL,CLOSE,215843687376.1317,2174.1095546804645,469267823041911.1,469267823041.91113,-575106960035.1246,-0.12255410062150807,0.041666666666666664
2025-04-11 12:00:00,GOOGL,BUY,18039641011423.95,2174.1095546804645,3.922015588594237e+16,39220155885942.37,0.0,0.0,0.0
2025-04-11 13:00:00,GOOGL,CLOSE,-18039641011423.95,2189.9155369735913,3.95052901323433e+16,39505290132343.3,285134246400931.3,0.7270094673517802,0.041666666666666664
2025-04-11 13:00:00,GOOGL,SHORT,-18490219518562.42,2189.9155369735913,4.049201900575221e+16,40492019005752.21,0.0,0.0,0.0
2025-04-11 14:00:00,GOOGL,CLOSE,18490219518562.42,2181.7129901660855,4.034035211467014e+16,40340352114670.15,151666891082065.06,0.3759681885050048,0.041666666666666664
2025-04-11 14:00:00,GOOGL,BUY,89520147891.52078,2181.7129901660855,195307269536520.0,195307269536.52,0.0,0.0,0.0
2025-04-11 14:00:00,AAPL,CLOSE,84988400603505.42,102.8194135398842,8738457507745167.0,8738457507745.167,1115436674690682.6,12.764686144002368,0.8333333333333334
2025-04-11 14:00:00,AAPL,BUY,1899517443374.2444,102.8194135398842,195307269536520.0,195307269536.52,0.0,0.0,0.0
2025-04-11 15:00:00,GOOGL,CLOSE,-89520147891.52078,2229.088564268313,199548337936597.1,199548337936.5971,4241068400077.094,2.17148517315382,0.041666666666666664
2025-04-11 15:00:00,GOOGL,SHORT,-44081239602410.15,2229.088564268313,9.826098709650394e+16,98260987096503.94,0.0,0.0,0.0
2025-04-11 16:00:00,GOOGL,CLOSE,44081239602410.15,2232.5600948450665,9.84140164676449e+16,98414016467644.89,-153029371140968.25,-0.15549550423163971,0.041666666666666664
2025-04-11 16:00:00,GOOGL,BUY,-23009552266.76886,2232.5600948450665,-51370208191040.0,-51370208191.04,0.0,0.0,0.0
2025-04-11 16:00:00,MSFT,CLOSE,-1850246527996.393,266.1403507928573,492425260014226.3,492425260014.2263,23732543932350.33,5.06356150160534,0.20833333333333334
2025-04-11 16:00:00,MSFT,SHORT,193019239803.37173,266.1403507928573,-51370208191040.0,-51370208191.04,0.0,0.0,0.0
2025-04-11 17:00:00,GOOGL,CLOSE,23009552266.76886,2278.953431507489,52437698095803.81,52437698095.80381,-1067489904763.8115,-2.035729910976458,0.041666666666666664
2025-04-12 10:00:00,AAPL,CLOSE,-1899517443374.2444,112.6732156921393,214024738608287.22,214024738608.28723,18717469071767.234,9.583600813316018,0.8333333333333334
2025-04-12 10:00:00,AAPL,SHORT,-1746209856501246.8,112.6732156921393,1.9675107980530458e+17,196751079805304.6,0.0,0.0,0.0
2025-04-12 11:00:00,GOOGL,SHORT,-1223211197744.6533,2363.348500733095,2890874350269760.0,2890874350269.7603,0.0,0.0,0.0
2025-04-12 11:00:00,MSFT,CLOSE,-193019239803.37173,269.0411075630089,51930110057669.14,51930110057.66914,559901866629.1434,1.0899349766053668,0.7916666666666666
2025-04-12 11:00:00,MSFT,SHORT,-10745102770559.785,269.0411075630089,2890874350269760.0,2890874350269.7603,0.0,0.0,0.0
2025-04-12 11:00:00,AAPL,CLOSE,1746209856501246.8,111.12875052198021,1.9405411950214992e+17,194054119502149.94,2696960303154670.5,1.389798016179089,0.041666666666666664
2025-04-12 11:00:00,AAPL,BUY,26013739349098.258,111.12875052198021,2890874350269760.0,2890874350269.7603,0.0,0.0,0.0
2025-04-12 12:00:00,AAPL,CLOSE,-26013739349098.258,112.22164957197589,2919304741291225.0,2919304741291.225,28430391021464.715,0.9834530172095457,0.041666666666666664
2025-04-12 12:00:00,AAPL,SHORT,-3429717702987466.5,112.22164957197589,3.8488857819546157e+17,384888578195461.56,0.0,0.0,0.0
2025-04-12 13:00:00,AAPL,CLOSE,3429717702987466.5,110.48711912724295,3.789396284227903e+17,378939628422790.25,5948949772671287.0,1.5698938106399218,0.041666666666666664
2025-04-12 13:00:00,AAPL,BUY,57291628877562.06,110.48711912724295,6329987024788992.0,6329987024788.992,0.0,0.0,0.0
2025-04-12 13:00:00,GOOGL,CLOSE,1223211197744.6533,2346.038839368385,2869700978659279.0,2869700978659.2793,21173371610481.125,0.7378250127082264,0.08333333333333333
2025-04-12 13:00:00,GOOGL,BUY,2698159518319.479,2346.038839368385,6329987024788992.0,6329987024788.992,0.0,0.0,0.0
2025-04-12 14:00:00,GOOGL,CLOSE,-2698159518319.479,2344.9494779508736,6327047753911443.0,6327047753911.443,-2939270877548.801,-0.0464340742885927,0.041666666666666664
2025-04-12 14:00:00,GOOGL,SHORT,-328044340085375.94,2344.9494779508736,7.692474040279411e+17,769247404027941.1,0.0,0.0,0.0
2025-04-12 14:00:00,AAPL,CLOSE,-57291628877562.06,111.10128933051105,6365173836142285.0,6365173836142.285,35186811353292.98,0.5558749364808602,0.041666666666666664
2025-04-12 14:00:00,AAPL,SHORT,-6923838676070949.0,111.10128933051105,7.692474040279411e+17,769247404027941.1,0.0,0.0,0.0
2025-04-12 16:00:00,AAPL,CLOSE,6923838676070949.0,109.30765165021604,7.568285460862564e+17,756828546086256.4,1.2418857941684746e+16,1.6409077070236977,0.08333333333333333
2025-04-12 16:00:00,AAPL,BUY,-6917887593060913.0,109.30765165021604,-7.561780471776538e+17,-756178047177653.8,0.0,0.0,0.0
2025-04-12 16:00:00,MSFT,CLOSE,10745102770559.785,260.54639895469745,2799597833267494.5,2799597833267.4946,91276517002265.33,3.2603438935989493,0.20833333333333334
2025-04-12 16:00:00,MSFT,BUY,-2902277867632837.0,260.54639895469745,-7.561780471776538e+17,-756178047177653.8,0.0,0.0,0.0
2025-04-12 17:00:00,AAPL,CLOSE,6917887593060913.0,110.0045550483757,7.609991465493445e+17,760999146549344.5,-4821099371690718.0,-0.633522309919976,0.041666666666666664
2025-04-12 17:00:00,AAPL,BUY,6921197853838622.0,110.0045550483757,7.613632903132905e+17,761363290313290.5,0.0,0.0,0.0
2025-04-12 18:00:00,GOOGL,CLOSE,328044340085375.94,2321.8746058080587,7.61677822823297e+17,761677822823297.0,7569581204644142.0,0.9938035449930993,0.16666666666666666
2025-04-12 18:00:00,GOOGL,BUY,987521130528513.1,2321.8746058080587,2.29290023567302e+18,2292900235673020.0,0.0,0.0,0.0
2025-04-13 09:00:00,AAPL,CLOSE,-6921197853838622.0,112.9666214712956,7.818643380825311e+17,781864338082531.1,2.0501047769240584e+16,2.6926761547440448,0.6666666666666666
2025-04-13 09:00:00,AAPL,SHORT,-3.4111023028500544e+16,112.9666214712956,3.853407026459268e+18,3853407026459268.0,0.0,0.0,0.0
2025-04-13 09:00:00,MSFT,CLOSE,2902277867632837.0,253.57333787407993,7.359402863337256e+17,735940286333725.6,2.023776084392816e+16,2.749918875177726,0.7083333333333334
2025-04-13 10:00:00,MSFT,BUY,5787416702817499.0,251.88777373984325,1.4577795089774838e+18,1457779508977483.8,0.0,0.0,0.0
2025-04-13 10:00:00,AAPL,CLOSE,3.4111023028500544e+16,113.51548804594432,3.872129426826685e+18,3872129426826685.0,-1.8722400367416944e+16,-0.48351690513507295,0.041666666666666664
2025-04-13 10:00:00,AAPL,BUY,1.2842119908672386e+16,113.51548804594432,1.4577795089774838e+18,1457779508977483.8,0.0,0.0,0.0
2025-04-13 12:00:00,AAPL,CLOSE,-1.2842119908672386e+16,112.39475803235797,1.4433869597577597e+18,1443386959757759.8,-1.4392549219723982e+16,-0.9872926002245208,0.08333333333333333
2025-04-13 12:00:00,AAPL,SHORT,-8.258547026877776e+16,112.39475803235797,9.28217394784777e+18,9282173947847770.0,0.0,0.0,0.0
2025-04-13 13:00:00,MSFT,CLOSE,-5787416702817499.0,252.54000968242164,1.46155427016574e+18,1461554270165740.0,3774761188256067.0,0.2589391032738364,0.125
2025-04-13 13:00:00,MSFT,SHORT,-301457398867855.8,252.54000968242164,7.613005442892595e+16,76130054428925.95,0.0,0.0,0.0
2025-04-13 14:00:00,MSFT,CLOSE,301457398867855.8,252.5433238690041,7.613105351499246e+16,76131053514992.47,-999086066510.3936,-0.001312323973445828,0.041666666666666664
2025-04-13 14:00:00,MSFT,BUY,-601216901382407.4,252.5433238690041,-1.5183331464133642e+17,-151833314641336.4,0.0,0.0,0.0
2025-04-13 16:00:00,AAPL,CLOSE,8.258547026877776e+16,110.64154803476109,9.137384275716308e+18,9137384275716308.0,1.4478967213146134e+17,1.5845855636854145,0.16666666666666666
2025-04-13 16:00:00,AAPL,BUY,2004251829045122.0,110.64154803476109,2.2175352501705363e+17,221753525017053.62,0.0,0.0,0.0
2025-04-13 16:00:00,MSFT,CLOSE,601216901382407.4,251.87123411138333,1.514292429198088e+17,151429242919808.8,404071721527611.1,0.26683863284029385,0.08333333333333333
2025-04-13 16:00:00,MSFT,BUY,880424181028108.4,251.87123411138333,2.2175352501705363e+17,221753525017053.62,0.0,0.0,0.0
2025-04-13 17:00:00,AAPL,CLOSE,-2004251829045122.0,109.05443218093883,2.1857254516412387e+17,218572545164123.88,-3180979852929764.0,-1.434466420628544,0.041666666666666664
2025-04-13 17:00:00,AAPL,SHORT,-1.7213545319771565e+17,109.05443218093883,1.8772134106685452e+19,1.8772134106685452e+16,0.0,0.0,0.0
2025-04-13 18:00:00,AAPL,CLOSE,1.7213545319771565e+17,107.88678814155455,1.8571141170792428e+19,1.8571141170792428e+16,2.0099293589302528e+17,1.0822864036440283,0.041666666666666664
2025-04-13 18:00:00,AAPL,BUY,1930649700226142.0,107.88678814155455,2.0829159518385357e+17,208291595183853.56,0.0,0.0,0.0
2025-04-14 09:00:00,MSFT,CLOSE,-880424181028108.4,249.52457061176975,2.196874657272578e+17,219687465727257.78,-2066059289795844.2,-0.9316917463372709,0.7083333333333334
2025-04-14 09:00:00,MSFT,SHORT,-1.4954191475242605e+17,249.52457061176975,3.731438206706098e+19,3.7314382067060984e+16,0.0,0.0,0.0
2025-04-14 10:00:00,MSFT,CLOSE,1.4954191475242605e+17,251.70649522759706,3.764067125195725e+19,3.7640671251957256e+16,-3.26289184896268e+17,-0.8668527261699754,0.041666666666666664
2025-04-14 10:00:00,MSFT,BUY,-1066494473512403.4,251.70649522759706,-2.684435861074084e+17,-268443586107408.38,0.0,0.0,0.0
2025-04-14 11:00:00,MSFT,CLOSE,1066494473512403.4,255.02030822788424,2.7197774935846822e+17,271977749358468.22,-3534163251059837.5,-1.2994310230877715,0.041666666666666664
2025-04-14 12:00:00,MSFT,SHORT,-2.962535572822438e+17,254.80771473629042,7.548769191358525e+19,7.548769191358525e+16,0.0,0.0,0.0
2025-04-14 14:00:00,MSFT,CLOSE,2.962535572822438e+17,254.73544574043302,7.546628196648128e+19,7.546628196648128e+16,2.140994710397032e+16,0.028370215871342808,0.08333333333333333
2025-04-14 14:00:00,MSFT,BUY,417914729840657.06,254.73544574043302,1.0645769498745242e+17,106457694987452.42,0.0,0.0,0.0
2025-04-15 13:00:00,MSFT,CLOSE,-417914729840657.06,258.0086653210571,1.0782562166419808e+17,107825621664198.08,1367926676745658.0,1.2849486144772326,0.9583333333333334
2025-04-15 13:00:00,MSFT,SHORT,-5.850175486042369e+17,258.0086653210571,1.509395969047758e+20,1.509395969047758e+17,0.0,0.0,0.0
2025-04-15 14:00:00,AAPL,CLOSE,-1930649700226142.0,99.03784894541016,1.9120739337749805e+17,191207393377498.06,-1.7084201806355516e+16,-8.202060093339691,1.8333333333333333
2025-04-15 14:00:00,AAPL,SHORT,1.7335253448576354e+16,99.03784894541016,-1.7168462124705055e+18,-1716846212470505.5,0.0,0.0,0.0
2025-04-15 15:00:00,MSFT,CLOSE,5.850175486042369e+17,260.35072599824946,1.5230974350082926e+20,1.5230974350082928e+17,-1.3701465960534561e+18,-0.899579084410973,0.08333333333333333
2025-04-15 15:00:00,MSFT,BUY,1937930814151131.8,260.35072599824946,5.045416943986258e+17,504541694398625.8,0.0,0.0,0.0
2025-04-15 15:00:00,AAPL,CLOSE,-1.7335253448576354e+16,102.26238402169021,1.7727443452716447e+18,1772744345271644.8,5.589813280113913e+16,3.2558613808922887,0.041666666666666664
2025-04-15 15:00:00,AAPL,SHORT,-4933795541981602.0,102.26238402169021,5.045416943986258e+17,504541694398625.8,0.0,0.0,0.0
2025-04-15 16:00:00,MSFT,CLOSE,-1937930814151131.8,260.3539334416002,5.0454791020192986e+17,504547910201929.9,6215803304027.437,0.0012319701965246566,0.041666666666666664
2025-04-15 16:00:00,MSFT,SHORT,-1.1687987001728955e+18,260.3539334416002,3.0430133899144285e+20,3.043013389914429e+17,0.0,0.0,0.0
2025-04-15 16:00:00,AAPL,CLOSE,4933795541981602.0,101.5803378043288,5.0117661781198266e+17,501176617811982.7,3365076586643106.0,0.6714352719275452,0.041666666666666664
2025-04-15 17:00:00,AAPL,BUY,7020552690421676.0,101.5143272377787,7.126866832055337e+17,712686683205533.8,0.0,0.0,0.0
2025-04-15 18:00:00,AAPL,CLOSE,-7020552690421676.0,103.15058052708052,7.241740856379529e+17,724174085637952.9,1.1487402432419208e+16,1.6118446861881797,0.041666666666666664
2025-04-15 18:00:00,AAPL,SHORT,-3.3420127285257188e+16,103.15058052708052,3.4473055307632026e+18,3447305530763202.5,0.0,0.0,0.0
2025-04-15 18:00:00,MSFT,CLOSE,1.1687987001728955e+18,258.5327617112292,3.0217275584019366e+20,3.0217275584019366e+17,2.128583151249205e+18,0.7044258987977559,0.08333333333333333
2025-04-15 18:00:00,MSFT,BUY,1.33341148253145e+16,258.5327617112292,3.4473055307632026e+18,3447305530763202.5,0.0,0.0,0.0
2025-04-16 09:00:00,AAPL,CLOSE,3.3420127285257188e+16,104.45972233154366,3.4910572165028116e+18,3491057216502811.5,-4.375168573960935e+16,-1.2532503200688883,0.625
2025-04-16 09:00:00,AAPL,BUY,5.778860101142717e+18,104.45972233154366,6.036581215582046e+20,6.036581215582047e+17,0.0,0.0,0.0
2025-04-16 11:00:00,MSFT,CLOSE,-1.33341148253145e+16,257.53359682625916,3.433982551457589e+18,3433982551457589.5,-1.332297930561308e+16,-0.38647515245517905,0.7083333333333334
2025-04-16 11:00:00,MSFT,SHORT,-2.3452764959166633e+18,257.53359682625916,6.039874915455038e+20,6.039874915455037e+17,0.0,0.0,0.0
2025-04-16 16:00:00,GOOGL,CLOSE,-987521130528513.1,2453.64795608519,2.423029203512222e+18,2423029203512222.5,1.3012896783920232e+17,5.6753000333224835,3.9166666666666665
2025-04-16 16:00:00,GOOGL,SHORT,730425788498431.1,2453.64795608519,-1.7922077430210888e+18,-1792207743021088.8,0.0,0.0,0.0
2025-04-16 18:00:00,AAPL,CLOSE,-5.778860101142717e+18,101.57827307231031,5.870066294005537e+20,5.870066294005537e+17,-1.6651492157650842e+19,-2.7584309003693797,0.375
2025-04-16 18:00:00,AAPL,SHORT,8.695842419089088e+16,101.57827307231031,-8.833086558400109e+18,-8833086558400109.0,0.0,0.0,0.0
2025-04-17 10:00:00,GOOGL,CLOSE,-730425788498431.1,2488.616378730245,1.8177495807041495e+18,1817749580704149.5,2.5541837683060652e+16,1.4251605475158469,0.75
2025-04-17 10:00:00,GOOGL,SHORT,778569541814932.9,2488.616378730245,-1.937560913741144e+18,-1937560913741144.0,0.0,0.0,0.0
2025-04-17 11:00:00,MSFT,CLOSE,2.3452764959166633e+18,260.3700948338502,6.106398636534215e+20,6.106398636534216e+17,-6.652372107917727e+18,-1.0894100604760704,1.0
2025-04-17 11:00:00,MSFT,BUY,-1.923773514402328e+16,260.3700948338502,-5.008930923837834e+18,-5008930923837834.0,0.0,0.0,0.0
2025-04-17 12:00:00,AAPL,CLOSE,-8.695842419089088e+16,150.3495,1.3074155597888348e+19,1.3074155597888348e+16,4.24106903948824e+18,48.01344367507707,0.75
2025-04-17 12:00:00,AAPL,SHORT,-8.080272858413156e+18,150.3495,1.214864984125989e+21,1.2148649841259889e+18,0.0,0.0,0.0
2025-04-17 12:00:00,AAPL,CLOSE,8.080272858413156e+18,150.6505,1.2172971462563712e+21,1.2172971462563712e+18,-2.4321621303822607e+18,-0.19980019980019303,0.0
2025-04-17 12:00:00,AAPL,BUY,8.064128457097646e+18,150.6505,1.214864984125989e+21,1.2148649841259889e+18,0.0,0.0,0.0
2025-04-17 12:01:00,AAPL,CLOSE,-8.064128457097646e+18,151.3485,1.2204937457890432e+21,1.2204937457890432e+18,5.628761663054217e+18,0.4633240513639336,0.0006944444444444445
2025-04-17 12:01:00,AAPL,SHORT,-1.611896596392033e+19,151.3485,2.439581320190396e+21,2.4395813201903964e+18,0.0,0.0,0.0
2025-04-17 13:00:00,AAPL,CLOSE,1.611896596392033e+19,93.4321911738413,1.5060303094656454e+21,1.5060303094656453e+18,9.335510107247507e+20,61.98753138348086,0.04097222222222222
2025-04-17 13:00:00,AAPL,BUY,1.0000020266728798e+19,93.4321911738413,9.343238053032926e+20,9.343238053032925e+17,0.0,0.0,0.0
2025-04-17 15:00:00,GOOGL,CLOSE,-778569541814932.9,2518.7167767309584,1.9609961668210068e+18,1960996166821007.0,2.3435253079862664e+16,1.209523422652703,0.20833333333333334
2025-04-17 15:00:00,GOOGL,SHORT,-1.5549696194215913e+18,2518.7167767309584,3.9165280677441155e+21,3.9165280677441157e+18,0.0,0.0,0.0
2025-04-17 16:00:00,GOOGL,CLOSE,1.5549696194215913e+18,2521.7952209330806,3.9213149549535e+21,3.9213149549535e+18,-4.786887209384605e+18,-0.12207352034647734,0.041666666666666664
2025-04-17 16:00:00,GOOGL,BUY,928807375191450.6,2521.7952209330806,2.342261999925199e+18,2342261999925199.0,0.0,0.0,0.0
2025-04-17 17:00:00,MSFT,FINAL_CLOSE,1.923773514402328e+16,269.313129904726,5.180974663915054e+18,5180974663915054.0,-1.7204374007722e+17,-3.3206829069342247,0.25
2025-04-17 17:00:00,AAPL,FINAL_CLOSE,-1.0000020266728798e+19,90.81309595634688,9.08132800047856e+20,9.08132800047856e+17,-2.6191005255436657e+19,-2.803204318114827,0.16666666666666666
2025-04-17 17:00:00,GOOGL,FINAL_CLOSE,-928807375191450.6,2536.3583624670314,2.355788353187889e+18,2355788353187889.0,1.3526353262690424e+16,0.5774910434068525,0.041666666666666664
